File,Blue Score,Green Score,Pink Score,Yellow Score,Purple Score,Red Score,Blue Time,Green Time,Pink Time,Yellow Time,Purple Time,Red Time
subject1_scenario1_frame296_red.jpg,0.366716266,0.100921482,0,0,0.291356564,0.771090984,0.1246,0.0327,0.045699999999999998,0.029700000000000001,0.031600000000000003,0.033599999999999998
subject1_scenario1_frame297_red.jpg,0.409208268,0.113873124,0,0.000442355871,0.278996944,0.658069253,0.032300000000000002,0.031199999999999999,0.028899999999999999,0.0344,0.0304,0.033300000000000003
subject1_scenario1_frame298_red.jpg,0.463349849,0.191785723,0,0.0389605165,0.267376542,0.551149487,0.0339,0.0309,0.029499999999999998,0.030300000000000001,0.032500000000000001,0.033500000000000002
subject1_scenario1_frame299_red.jpg,0.445725799,0.245954573,0,0.0641419888,0.251761615,0.472124755,0.035900000000000001,0.032300000000000002,0.0332,0.031800000000000002,0.030200000000000001,0.031399999999999997
subject1_scenario1_frame300_red.jpg,0.342001349,0.325621098,0,0.149830759,0.182472497,0.357236773,0.031800000000000002,0.030300000000000001,0.0327,0.032500000000000001,0.030499999999999999,0.034500000000000003
subject1_scenario1_frame301_red.jpg,0.276661843,0.292004675,0,0.215170264,0.140760571,0.288026869,0.031800000000000002,0.030599999999999999,0.028899999999999999,0.048000000000000001,0.033599999999999998,0.035099999999999999
subject1_scenario1_frame302_red.jpg,0.281369418,0.316495925,0,0.210462689,0.149027735,0.303447753,0.034200000000000001,0.030200000000000001,0.032800000000000003,0.029899999999999999,0.030300000000000001,0.031
subject1_scenario1_frame303_red.jpg,0.242752612,0.307711244,0,0.249079496,0.133605406,0.271611601,0.034200000000000001,0.030499999999999999,0.030499999999999999,0.030300000000000001,0.030099999999999998,0.033300000000000003
subject1_scenario1_frame304_red.jpg,0.173882425,0.306363583,0,0.317949682,0.121492386,0.259408951,0.031600000000000003,0.029999999999999999,0.031800000000000002,0.030200000000000001,0.032800000000000003,0.031600000000000003
subject1_scenario1_frame305_red.jpg,0.19700709,0.313454598,0,0.294825017,0.124177665,0.255151659,0.031600000000000003,0.029600000000000001,0.034799999999999998,0.029899999999999999,0.030200000000000001,0.031699999999999999
subject1_scenario1_frame306_red.jpg,0.20851928,0.313714027,0,0.283312827,0.125311941,0.252622426,0.0315,0.0304,0.0298,0.029499999999999998,0.0309,0.035499999999999997
subject1_scenario1_frame307_red.jpg,0.312917411,0.348984778,0,0.178914696,0.179727405,0.31263569,0.031399999999999997,0.030800000000000001,0.0293,0.030099999999999998,0.035400000000000001,0.030800000000000001
subject1_scenario1_frame308_red.jpg,0.397687584,0.293992788,0,0.0975214839,0.216274142,0.399662465,0.031699999999999999,0.035200000000000002,0.029399999999999999,0.031600000000000003,0.0309,0.030700000000000002
subject1_scenario1_frame309_red.jpg,0.440319061,0.202086151,0,0.0325953364,0.268288493,0.497184604,0.031899999999999998,0.030499999999999999,0.029600000000000001,0.032800000000000003,0.029700000000000001,0.033099999999999997
subject1_scenario1_frame310_red.jpg,0.426291406,0.174848914,0,0.0119628906,0.284872472,0.525853395,0.031099999999999999,0.030200000000000001,0.029600000000000001,0.030700000000000002,0.032500000000000001,0.031600000000000003
subject1_scenario1_frame311_red.jpg,0.405742854,0.114081234,0,0,0.294303417,0.589470506,0.032199999999999999,0.032899999999999999,0.029399999999999999,0.062600000000000003,0.031099999999999999,0.031099999999999999
subject1_scenario1_frame312_red.jpg,0.40125224,0.0951126516,0,0,0.280170918,0.611194491,0.0448,0.036299999999999999,0.0419,0.0315,0.033599999999999998,0.0395
subject1_scenario1_frame313_red.jpg,0.399667501,0.0913478732,0,0,0.276845515,0.616292238,0.034099999999999998,0.030700000000000002,0.032399999999999998,0.031399999999999997,0.030599999999999999,0.033300000000000003
subject1_scenario1_frame314_red.jpg,0.35287413,0.0447376966,0,0,0.24422738,0.613157749,0.032899999999999999,0.0304,0.032500000000000001,0.029000000000000001,0.031300000000000001,0.033599999999999998
subject1_scenario1_frame315_red.jpg,0.342984676,0.046295017,0,0,0.242922708,0.625154316,0.033300000000000003,0.0309,0.030700000000000002,0.029499999999999998,0.033099999999999997,0.033700000000000001
subject1_scenario1_frame316_red.jpg,0.370777428,0.0706792772,0,0,0.269309014,0.649682999,0.0315,0.030700000000000002,0.052400000000000002,0.029499999999999998,0.032800000000000003,0.033000000000000002
subject1_scenario1_frame317_red.jpg,0.324610054,0.0337859392,0,0,0.237979919,0.611707747,0.032099999999999997,0.030200000000000001,0.032099999999999997,0.029700000000000001,0.0304,0.0339
subject1_scenario1_frame318_red.jpg,0.358011454,0.0555893183,0,0,0.264296949,0.621050596,0.031300000000000001,0.030700000000000002,0.030300000000000001,0.040099999999999997,0.0332,0.033099999999999997
subject1_scenario1_frame319_red.jpg,0.373685837,0.0653662086,0,0,0.280648351,0.623830855,0.0309,0.030300000000000001,0.029100000000000001,0.029499999999999998,0.0349,0.031800000000000002
subject1_scenario1_frame320_red.jpg,0.409055829,0.100736201,0,0,0.310586274,0.599500537,0.0458,0.074200000000000002,0.052900000000000003,0.0292,0.044699999999999997,0.032399999999999998
subject1_scenario1_frame321_red.jpg,0.44658336,0.189968675,0,0.0296687484,0.287041187,0.502399921,0.032000000000000001,0.032899999999999999,0.030499999999999999,0.030300000000000001,0.030099999999999998,0.033500000000000002
subject1_scenario1_frame322_red.jpg,0.454019487,0.233220935,0,0.0550129414,0.2694785,0.452461123,0.031300000000000001,0.030099999999999998,0.029100000000000001,0.0327,0.033799999999999997,0.031600000000000003
subject1_scenario1_frame323_red.jpg,0.446687371,0.218173593,0,0.0438232124,0.279304415,0.459387541,0.031699999999999999,0.031699999999999999,0.029100000000000001,0.0332,0.031099999999999999,0.031899999999999998
subject1_scenario1_frame324_red.jpg,0.402996719,0.101539075,0,0,0.29858762,0.568716168,0.031600000000000003,0.0304,0.029000000000000001,0.028500000000000001,0.030200000000000001,0.033000000000000002
subject1_scenario1_frame325_red.jpg,0.322420627,0.0186907649,0,0,0.234495953,0.552321076,0.031899999999999998,0.030700000000000002,0.029399999999999999,0.0292,0.032199999999999999,0.0315
subject1_scenario1_frame326_red.jpg,0.270441502,0.00142717361,0,0,0.203598544,0.590906501,0.034099999999999998,0.032899999999999999,0.029600000000000001,0.029700000000000001,0.030499999999999999,0.030499999999999999
subject1_scenario1_frame327_red.jpg,0.307348996,0.0248042643,0,0,0.233593166,0.619118929,0.032399999999999998,0.031399999999999997,0.032099999999999997,0.030700000000000002,0.030700000000000002,0.033099999999999997
subject1_scenario4_frame385_red.jpg,0.17047444,0,0,0,0.0594246536,0.394702852,0.0344,0.029600000000000001,0.0292,0.028899999999999999,0.032399999999999998,0.030800000000000001
subject1_scenario4_frame386_red.jpg,0.195818186,0,0,0,0.115928531,0.378781468,0.0349,0.031300000000000001,0.032399999999999998,0.029499999999999998,0.030300000000000001,0.031699999999999999
subject1_scenario4_frame387_red.jpg,0.378093004,0.222038805,0,0.022190541,0.329318374,0.351697236,0.031,0.0304,0.032300000000000002,0.032399999999999998,0.0304,0.034099999999999998
subject1_scenario4_frame388_red.jpg,0.372205883,0.349831462,0,0.149983197,0.266147971,0.239981055,2.0718000000000001,0.033099999999999997,0.040300000000000002,0.0327,0.031099999999999999,0.032899999999999999
subject1_scenario4_frame389_red.jpg,0.388022453,0.298958898,0,0.0991106331,0.338208854,0.258104116,0.0327,0.031300000000000001,0.029000000000000001,0.032599999999999997,0.031699999999999999,0.033000000000000002
subject1_scenario4_frame390_red.jpg,0.336607397,0.246414423,0,0.0661748052,0.36761117,0.315361619,0.032599999999999997,0.030700000000000002,0.029100000000000001,0.031199999999999999,0.033099999999999997,0.030200000000000001
subject1_scenario4_frame391_red.jpg,0.402469039,0.215074748,0,0.0167294741,0.354596913,0.294470429,0.035099999999999999,0.030300000000000001,0.030200000000000001,0.029700000000000001,0.031899999999999998,0.030599999999999999
subject1_scenario4_frame392_red.jpg,0.479961723,0.225961685,0,0.0434904695,0.306551307,0.275366247,0.033599999999999998,0.030300000000000001,0.032399999999999998,0.029999999999999999,0.031,0.032899999999999999
subject1_scenario4_frame393_red.jpg,0.466105133,0.241361439,0,0.0415131748,0.313476324,0.259810746,0.032199999999999999,0.0304,0.029000000000000001,0.030499999999999999,0.033700000000000001,0.034200000000000001
subject1_scenario4_frame394_red.jpg,0.409311354,0.257326692,0,0.0574784279,0.326801687,0.256371439,0.031600000000000003,0.032500000000000001,0.0293,0.030599999999999999,0.034200000000000001,0.030499999999999999
subject1_scenario4_frame395_red.jpg,0.404672593,0.211166769,0,0.0154505074,0.333375275,0.295044363,0.031699999999999999,0.032199999999999999,0.029399999999999999,0.032899999999999999,0.033099999999999997,0.031
subject1_scenario4_frame396_red.jpg,0.399053574,0.187617868,0,0,0.362815231,0.309004426,0.034500000000000003,0.032500000000000001,0.029700000000000001,0.030700000000000002,0.0304,0.0309
subject1_scenario4_frame397_red.jpg,0.407060176,0.223448008,0,0.0235997438,0.364288032,0.255742759,0.0327,0.029899999999999999,0.031899999999999998,0.032399999999999998,0.030599999999999999,0.031399999999999997
subject1_scenario4_frame398_red.jpg,0.394306362,0.192764133,0,0,0.376331031,0.292092979,0.034299999999999997,0.030200000000000001,0.029100000000000001,0.029700000000000001,0.031399999999999997,0.032800000000000003
subject1_scenario4_frame399_red.jpg,0.404202372,0.188304514,0,0,0.369461,0.303687513,0.034200000000000001,0.1105,0.048000000000000001,0.071300000000000002,0.13300000000000001,0.1535
subject1_scenario4_frame400_red.jpg,0.374893814,0.252482027,0,0.0526337624,0.370305955,0.268439054,0.040599999999999997,0.032500000000000001,0.032099999999999997,0.033700000000000001,0.030599999999999999,0.031199999999999999
subject1_scenario4_frame401_red.jpg,0.350387812,0.301199883,0,0.101351619,0.364533246,0.251815587,0.033799999999999997,0.030300000000000001,0.029600000000000001,0.0327,0.033000000000000002,0.030499999999999999
subject1_scenario4_frame402_red.jpg,0.371507108,0.321155667,0,0.121307403,0.373769283,0.2161019,0.032000000000000001,0.032500000000000001,0.029100000000000001,0.030200000000000001,0.030700000000000002,0.030599999999999999
subject1_scenario4_frame403_red.jpg,0.387076557,0.376299351,0,0.176451087,0.321300954,0.163463652,0.031899999999999998,0.030499999999999999,0.0292,0.032399999999999998,0.0304,0.030599999999999999
subject1_scenario4_frame404_red.jpg,0.308595151,0.439221293,0,0.263852954,0.261378527,0.0879928619,0.034700000000000002,0.030099999999999998,0.0293,0.030200000000000001,0.030599999999999999,0.030700000000000002
subject1_scenario4_frame405_red.jpg,0.332270801,0.402785122,0,0.259152532,0.24827525,0.0694986433,0.033000000000000002,0.059799999999999999,0.031199999999999999,0.045699999999999998,0.0465,0.054899999999999997
subject1_scenario4_frame406_red.jpg,0.368543148,0.403358072,0,0.205816507,0.265188158,0.102664232,0.032099999999999997,0.034000000000000002,0.0298,0.033300000000000003,0.030300000000000001,0.031600000000000003
subject1_scenario4_frame407_red.jpg,0.307962537,0.432038337,0,0.232190073,0.272829294,0.103292167,0.032199999999999999,0.0298,0.029399999999999999,0.034000000000000002,0.0309,0.030599999999999999
subject1_scenario4_frame408_red.jpg,0.37475872,0.336000055,0,0.136151791,0.362477243,0.206298366,0.032599999999999997,0.031199999999999999,0.030499999999999999,0.030499999999999999,0.0332,0.031
subject1_scenario4_frame409_red.jpg,0.304222256,0.227356136,0,0.0761040449,0.368681639,0.285212398,0.067100000000000007,0.033000000000000002,0.0373,0.034000000000000002,0.0309,0.0327
subject1_scenario4_frame410_red.jpg,0.280988932,0.175012976,0,0.0587343574,0.32533738,0.248816416,0.033500000000000002,0.028799999999999999,0.0482,0.032300000000000002,0.029600000000000001,0.029899999999999999
subject1_scenario4_frame411_red.jpg,0.235577658,0.114385724,0,0.0279682279,0.2845622,0.206836998,0.084099999999999994,0.029700000000000001,0.0356,0.0293,0.034200000000000001,0.035700000000000003
subject1_scenario4_frame412_red.jpg,0.37915501,0.19787851,0,0,0.417257488,0.256359756,0.0298,0.028199999999999999,0.036700000000000003,0.027199999999999998,0.031399999999999997,0.029600000000000001
subject1_scenario4_frame413_red.jpg,0.392004132,0.202901244,0,0.00884541869,0.377627671,0.292911887,0.029600000000000001,0.030800000000000001,0.027799999999999998,0.028400000000000002,0.029000000000000001,0.030599999999999999
subject1_scenario4_frame414_red.jpg,0.374997288,0.0782579482,0,0,0.332047701,0.403214246,0.029399999999999999,0.028899999999999999,0.027300000000000001,0.030300000000000001,0.0309,0.028899999999999999
subject1_scenario4_frame415_red.jpg,0.206221372,0,0,0,0.174621373,0.46914506,0.0298,0.029600000000000001,0.027699999999999999,0.0286,0.028500000000000001,0.028400000000000002
subject1_scenario4_frame416_red.jpg,0.318385541,0.0294111073,0,0,0.260300457,0.55062139,0.029999999999999999,0.028299999999999999,0.028000000000000001,0.027,0.028000000000000001,0.031
subject1_scenario4_frame417_red.jpg,0.120341271,0,0,0,0.0547406971,0.562475383,0.031600000000000003,0.032800000000000003,0.028000000000000001,0.028899999999999999,0.059999999999999998,0.029499999999999998
subject2_scenario1_frame143_red.jpg,0.41889447,0.17043817,0,0.00605905056,0.349377811,0.653926432,0.030700000000000002,0.028500000000000001,0.031699999999999999,0.028299999999999999,0.028199999999999999,0.029700000000000001
subject2_scenario1_frame144_red.jpg,0.434516549,0.181543112,0,0.0194225609,0.339839876,0.671255827,0.029399999999999999,0.030599999999999999,0.028299999999999999,0.028799999999999999,0.0309,0.032800000000000003
subject2_scenario1_frame145_red.jpg,0.408239543,0.105658948,0,0,0.350429893,0.723726869,0.0315,0.0281,0.029499999999999998,0.029000000000000001,0.0281,0.029499999999999998
subject2_scenario1_frame146_red.jpg,0.410690635,0.113728374,0,0,0.356860638,0.716960788,0.030300000000000001,0.0293,0.055100000000000003,0.051400000000000001,0.031600000000000003,0.045499999999999999
subject2_scenario1_frame147_red.jpg,0.339151353,0.0412229598,0,0,0.301661521,0.729979038,0.029399999999999999,0.0281,0.028400000000000002,0.027,0.0287,0.033399999999999999
subject2_scenario1_frame148_red.jpg,0.337560505,0.0436370969,0,0,0.307878971,0.778204799,0.029899999999999999,0.028400000000000002,0.027099999999999999,0.0293,0.030099999999999998,0.030200000000000001
subject2_scenario1_frame149_red.jpg,0.411432713,0.103113085,0,0,0.366627306,0.756975174,0.032199999999999999,0.027900000000000001,0.0269,0.027300000000000001,0.028000000000000001,0.028500000000000001
subject2_scenario1_frame150_red.jpg,0.399675995,0.0913563669,0,0,0.357761115,0.766362607,0.0298,0.027900000000000001,0.030099999999999998,0.026800000000000001,0.0276,0.028400000000000002
subject2_scenario1_frame151_red.jpg,0.415114492,0.106794864,0,0,0.367136717,0.749786258,0.031300000000000001,0.028000000000000001,0.027300000000000001,0.027199999999999998,0.027799999999999998,0.031300000000000001
subject2_scenario1_frame152_red.jpg,0.44027704,0.183613777,0,0.0233381391,0.343603969,0.666628122,0.029999999999999999,0.028500000000000001,0.029700000000000001,0.0281,0.032099999999999997,0.0287
subject2_scenario1_frame153_red.jpg,0.440580279,0.177976221,0,0.0206709802,0.344253898,0.68050158,0.029999999999999999,0.030700000000000002,0.028400000000000002,0.028199999999999999,0.030700000000000002,0.030300000000000001
subject2_scenario1_frame154_red.jpg,0.439644635,0.157041132,0,0.00973561406,0.350637168,0.707496047,0.031099999999999999,0.032800000000000003,0.027699999999999999,0.032500000000000001,0.027900000000000001,0.028400000000000002
subject2_scenario1_frame155_red.jpg,0.43611455,0.18526423,0,0.0220821202,0.341531456,0.68680203,0.029399999999999999,0.027699999999999999,0.0292,0.030800000000000001,0.0281,0.028899999999999999
subject2_scenario1_frame156_red.jpg,0.440701723,0.212953269,0,0.0382202268,0.330229282,0.665974021,0.029899999999999999,0.028899999999999999,0.027699999999999999,0.030499999999999999,0.0298,0.030499999999999999
subject2_scenario1_frame157_red.jpg,0.430701405,0.204207629,0,0.0288472474,0.338375509,0.677741528,0.031,0.028199999999999999,0.027300000000000001,0.030300000000000001,0.028400000000000002,0.0315
subject2_scenario1_frame158_red.jpg,0.427404672,0.159614712,0,0.00490242243,0.356574595,0.718629956,0.030099999999999998,0.028799999999999999,0.027199999999999998,0.029700000000000001,0.029999999999999999,0.028400000000000002
subject2_scenario1_frame159_red.jpg,0.424145639,0.163369656,0,0.00515037775,0.356280744,0.718787491,0.031899999999999998,0.0304,0.0281,0.029000000000000001,0.027900000000000001,0.0287
subject2_scenario1_frame160_red.jpg,0.426124215,0.181975245,0,0.0154424608,0.347624898,0.697799563,0.0315,0.035200000000000002,0.029499999999999998,2.2686000000000002,0.028000000000000001,0.0293
subject2_scenario1_frame161_red.jpg,0.420348525,0.239447534,0,0.04129076,0.328198552,0.648995876,0.031699999999999999,0.0292,0.028500000000000001,0.028500000000000001,0.0304,0.031199999999999999
subject2_scenario1_frame162_red.jpg,0.4172315,0.186386883,0,0.0132019222,0.352244556,0.684760213,0.031699999999999999,0.030499999999999999,0.027699999999999999,0.028799999999999999,0.0304,0.029000000000000001
subject2_scenario1_frame291_red.jpg,0.227815688,0.43970722,0,0.26401642,0.230901122,0.232196957,0.029399999999999999,0.031300000000000001,0.030099999999999998,0.028799999999999999,0.028899999999999999,0.029499999999999998
subject2_scenario1_frame292_red.jpg,0.224312723,0.446655929,0,0.267519385,0.232442796,0.18097356,0.0298,0.028000000000000001,0.027400000000000001,0.0281,0.027900000000000001,0.031099999999999999
subject2_scenario1_frame293_red.jpg,0.34992981,0.289561927,0,0.0897136629,0.345954359,0.264037102,0.030700000000000002,0.027799999999999998,0.027400000000000001,0.027799999999999998,0.0309,0.028799999999999999
subject2_scenario1_frame294_red.jpg,0.402909398,0.155852914,0,0,0.374945223,0.345522135,0.030300000000000001,0.030599999999999999,0.0292,0.027,0.028799999999999999,0.028799999999999999
subject2_scenario1_frame295_red.jpg,0.460561544,0.231118828,0,0.0927043855,0.298348755,0.259710371,0.029399999999999999,0.0281,0.0281,0.031699999999999999,0.0286,0.030300000000000001
subject2_scenario1_frame296_red.jpg,0.13023141,0.330949157,0,0.35796243,0.19013384,0.049749285,0.16470000000000001,0.122,0.061499999999999999,0.098199999999999996,0.12690000000000001,0.089899999999999994
subject2_scenario1_frame297_red.jpg,0.0235436559,0.31412068,0,0.341133952,0.20733346,0.0479487479,0.048500000000000001,0.028000000000000001,0.054199999999999998,0.028299999999999999,0.031199999999999999,0.031199999999999999
subject2_scenario1_frame298_red.jpg,0.0223021805,0.293391377,0,0.336493433,0.211054415,0.0481920242,0.030099999999999998,0.030300000000000001,0.027,0.027699999999999999,0.029600000000000001,0.0304
subject2_scenario1_frame299_red.jpg,0.0685284436,0.353770733,0,0.380784005,0.212500244,0.0477354079,0.0298,0.029399999999999999,0.027400000000000001,0.030300000000000001,0.0309,0.027799999999999998
subject2_scenario1_frame300_red.jpg,0.0949241966,0.328868061,0,0.355881333,0.208116189,0.0469693244,0.030099999999999998,0.031199999999999999,0.027099999999999999,0.029000000000000001,0.028500000000000001,0.028299999999999999
subject2_scenario1_frame301_red.jpg,0.295521557,0.416166961,0,0.243077308,0.262081742,0.109589964,0.029999999999999999,0.0327,0.0275,0.028899999999999999,0.028400000000000002,0.0298
subject2_scenario1_frame302_red.jpg,0.3591187,0.126548588,0,0.000730842352,0.333967716,0.305567056,0.029499999999999998,0.028299999999999999,0.027199999999999998,0.033000000000000002,0.0286,0.028500000000000001
subject2_scenario1_frame303_red.jpg,0.458371997,0.179159075,0,0.00209787488,0.386439741,0.311514139,0.030200000000000001,0.0281,0.027199999999999998,0.028500000000000001,0.028400000000000002,0.028400000000000002
subject2_scenario1_frame304_red.jpg,0.469283491,0.275527418,0,0.0756791532,0.348184019,0.20240669,0.030800000000000001,0.0287,0.0276,0.0281,0.0287,0.028299999999999999
subject2_scenario1_frame305_red.jpg,0.392286956,0.349489927,0,0.149641663,0.304801464,0.116716281,0.034299999999999997,0.048599999999999997,0.027699999999999999,0.041700000000000001,0.028799999999999999,0.030200000000000001
subject2_scenario1_frame306_red.jpg,0.418824464,0.320679724,0,0.12083146,0.344936967,0.141345471,0.032300000000000002,0.0293,0.029999999999999999,0.028799999999999999,0.032099999999999997,0.032000000000000001
subject2_scenario1_frame307_red.jpg,0.364627421,0.354393452,0,0.154545188,0.325576723,0.113575995,0.031600000000000003,0.032099999999999997,0.028199999999999999,0.030099999999999998,0.032000000000000001,0.029899999999999999
subject2_scenario1_frame308_red.jpg,0.323236883,0.387178242,0,0.187329978,0.329714954,0.109042659,0.033599999999999998,0.0339,0.062300000000000001,0.032599999999999997,0.036799999999999999,0.12130000000000001
subject2_scenario1_frame309_red.jpg,0.317016363,0.39239797,0,0.192549706,0.33063519,0.0981275737,0.032099999999999997,0.0304,0.028299999999999999,0.028899999999999999,0.031,0.037100000000000001
subject2_scenario1_frame310_red.jpg,0.273947477,0.419138402,0,0.222513556,0.312312186,0.0747521669,0.029999999999999999,0.030499999999999999,0.0292,0.030599999999999999,0.029600000000000001,0.0293
subject2_scenario1_frame311_red.jpg,0.196503073,0.358381152,0,0.304961532,0.256007731,0.00227317214,0.030200000000000001,0.029000000000000001,0.027400000000000001,0.030200000000000001,0.0293,0.0304
subject2_scenario1_frame312_red.jpg,0.151231334,0.328467518,0,0.35548079,0.236878499,0.00582055748,0.030800000000000001,0.029700000000000001,0.0275,0.029700000000000001,0.0304,0.028400000000000002
subject2_scenario1_frame313_red.jpg,0.13993448,0.295157164,0,0.322170436,0.232461452,0.0109042227,0.031,0.031,0.0276,0.0286,0.031,0.028299999999999999
subject2_scenario1_frame314_red.jpg,0.119805872,0.28393212,0,0.310945392,0.233815476,0.016242981,0.031699999999999999,0.031,0.027900000000000001,0.031099999999999999,0.028500000000000001,0.028899999999999999
subject2_scenario1_frame315_red.jpg,0.106018975,0.26534307,0,0.292356342,0.233130887,0.0156476945,0.0304,0.028799999999999999,0.029499999999999998,0.0309,0.0292,0.0298
subject2_scenario1_frame316_red.jpg,0.082896322,0.278949022,0,0.305962294,0.232417196,0.0151463449,0.030700000000000002,0.029399999999999999,0.027400000000000001,0.028400000000000002,0.029700000000000001,0.0304
subject2_scenario1_frame317_red.jpg,0.0855804384,0.276403606,0,0.303416878,0.235394999,0.013207525,0.0309,0.028299999999999999,0.027799999999999998,0.028299999999999999,0.031300000000000001,0.0304
subject2_scenario1_frame318_red.jpg,0.166545361,0.233020365,0,0.260033637,0.233432174,0.0125210732,0.029899999999999999,0.030700000000000002,0.040300000000000002,0.030300000000000001,0.029399999999999999,0.029999999999999999
subject2_scenario1_frame319_red.jpg,0.247399211,0.295965403,0,0.266260982,0.241244763,0.0112940818,0.029999999999999999,0.028799999999999999,0.027199999999999998,0.030499999999999999,0.028400000000000002,0.028000000000000001
subject2_scenario1_frame320_red.jpg,0.288649917,0.309437543,0,0.22569406,0.270206541,0.0217938125,0.030300000000000001,0.029499999999999998,0.027300000000000001,0.031099999999999999,0.028299999999999999,0.028799999999999999
subject2_scenario1_frame321_red.jpg,0.20380944,0.304098457,0,0.310785055,0.248175085,0.00568428636,0.030800000000000001,0.028500000000000001,0.029700000000000001,0.028000000000000001,0.0292,0.030499999999999999
subject2_scenario1_frame322_red.jpg,0.150301978,0.34348312,0,0.363300323,0.255735844,0.00836181641,0.030499999999999999,0.028299999999999999,0.030800000000000001,0.030499999999999999,0.0292,0.033000000000000002
subject2_scenario1_frame323_red.jpg,0.195075929,0.336675823,0,0.306765467,0.256948769,0.0093755722,0.030300000000000001,0.028899999999999999,0.027300000000000001,0.028199999999999999,0.0315,0.0315
subject2_scenario1_frame324_red.jpg,0.29086265,0.360614687,0,0.200969458,0.286844552,0.0746689439,0.0298,0.032300000000000002,0.027900000000000001,0.028500000000000001,0.031199999999999999,0.0286
subject2_scenario1_frame325_red.jpg,0.452152818,0.234954089,0,0.0549461842,0.314560443,0.277991325,0.029999999999999999,0.0292,0.027699999999999999,0.0287,0.030599999999999999,0.030700000000000002
subject2_scenario1_frame326_red.jpg,0.390901148,0.0825815201,0,0,0.317033112,0.479838669,0.031300000000000001,0.030200000000000001,0.027900000000000001,0.027799999999999998,0.030800000000000001,0.0292
subject2_scenario2.2_frame460_red.jpg,0.300669551,0.391010821,0,0.191162556,0.221010998,0.439564824,0.0293,0.030200000000000001,0.029399999999999999,0.031,0.0287,0.0293
subject2_scenario2.2_frame461_red.jpg,0.249762267,0.346199006,0,0.24206984,0.199102342,0.415018588,0.029499999999999998,0.0298,0.027,0.0304,0.028500000000000001,0.030700000000000002
subject2_scenario2.2_frame462_red.jpg,0.328689247,0.307652086,0,0.107803822,0.308086812,0.554074645,0.031300000000000001,0.028000000000000001,0.027300000000000001,0.0281,0.030499999999999999,0.029000000000000001
subject2_scenario2.2_frame463_red.jpg,0.310828418,0.0668722987,0,0,0.211038843,0.619206786,0.030200000000000001,0.031300000000000001,0.0292,0.027300000000000001,0.028400000000000002,0.028799999999999999
subject2_scenario2.2_frame464_red.jpg,0.267118394,0.0168582946,0,0,0.151744664,0.630804658,0.029399999999999999,0.0286,0.028299999999999999,0.029499999999999998,0.028400000000000002,0.030599999999999999
subject2_scenario2.2_frame465_red.jpg,0.248268723,0.0174839944,0,0,0.137254626,0.629964709,0.029499999999999998,0.028500000000000001,0.027,0.029499999999999998,0.029700000000000001,0.0292
subject2_scenario2.2_frame466_red.jpg,0.271279544,0.055560708,0,0,0.198753431,0.606617451,0.032300000000000002,0.030200000000000001,0.0276,0.028000000000000001,0.029499999999999998,0.031099999999999999
subject2_scenario2.2_frame467_red.jpg,0.27692008,0.0627731681,0,0,0.212806493,0.640739441,0.075399999999999995,0.029700000000000001,0.1171,0.027799999999999998,0.031800000000000002,0.036299999999999999
subject2_scenario2.2_frame468_red.jpg,0.214405835,0.0574567318,0,0,0.132651284,0.596901357,0.030599999999999999,0.028899999999999999,0.029999999999999999,0.026800000000000001,0.031399999999999997,0.029399999999999999
subject2_scenario2.2_frame469_red.jpg,0.215137541,0.0558791459,0,0,0.106999382,0.580104828,3.3757999999999999,0.088599999999999998,0.079699999999999993,0.1074,0.071499999999999994,0.071499999999999994
subject2_scenario2.2_frame470_red.jpg,0.253580093,0.0653145611,0,0,0.174261957,0.62172395,0.042000000000000003,0.15590000000000001,0.035299999999999998,0.45479999999999998,0.079600000000000004,0.033799999999999997
subject2_scenario2.2_frame471_red.jpg,0.294201255,0.0439059138,0,0,0.188547254,0.658642948,0.098599999999999993,0.058299999999999998,0.11840000000000001,0.10340000000000001,0.15770000000000001,0.11070000000000001
subject2_scenario2.2_frame472_red.jpg,0.390788645,0.0824690163,0,0,0.275491506,0.77007556,0.16819999999999999,0.0458,0.2051,0.060900000000000003,0.077200000000000005,0.13189999999999999
subject2_scenario3_frame312_red.jpg,0.35603407,0.279817313,0,0.0799690485,0.323411703,0.594960451,0.073899999999999993,0.030200000000000001,0.030499999999999999,0.0298,0.032399999999999998,0.033799999999999997
subject2_scenario3_frame313_red.jpg,0.33175382,0.291134745,0,0.0912864804,0.325464487,0.602904916,0.053900000000000003,0.034700000000000002,0.048099999999999997,0.052200000000000003,0.035400000000000001,0.0402
subject2_scenario3_frame314_red.jpg,0.409351021,0.182029933,0,0.00708320737,0.33701998,0.674096227,0.035099999999999999,0.030499999999999999,0.0287,0.0293,0.031199999999999999,0.029000000000000001
subject2_scenario3_frame315_red.jpg,0.460556626,0.231123745,0,0.064144522,0.293198556,0.643088162,0.031099999999999999,0.028299999999999999,0.032300000000000002,0.030200000000000001,0.028299999999999999,0.0298
subject2_scenario3_frame316_red.jpg,0.44256556,0.224902511,0,0.045126766,0.303276896,0.61077714,0.0298,0.028500000000000001,0.0286,0.028000000000000001,0.0292,0.033099999999999997
subject2_scenario3_frame317_red.jpg,0.412248403,0.176674157,0,0.00585401058,0.340544224,0.668651938,0.030200000000000001,0.028400000000000002,0.0276,0.028500000000000001,0.0309,0.031899999999999998
subject2_scenario3_frame318_red.jpg,0.420613468,0.148360908,0,0,0.348686159,0.696899176,0.0309,0.029100000000000001,0.030099999999999998,0.027400000000000001,0.030200000000000001,0.0293
subject2_scenario3_frame319_red.jpg,0.412078232,0.130093127,0,0,0.359293699,0.744716048,0.0315,0.030599999999999999,0.028899999999999999,0.028000000000000001,0.028299999999999999,0.031
subject2_scenario3_frame320_red.jpg,0.367005795,0.129264921,0,0,0.335791349,0.740986466,0.029700000000000001,0.0292,0.0292,0.0298,0.049799999999999997,0.030499999999999999
subject2_scenario3_frame321_red.jpg,0.31975317,0.171315253,0,0.0145400465,0.335053086,0.665415704,0.050900000000000001,0.030700000000000002,0.0281,0.030499999999999999,0.029399999999999999,0.029000000000000001
subject2_scenario3_frame322_red.jpg,0.306177467,0.293153852,0,0.0933055878,0.349368572,0.559381843,0.030800000000000001,0.028400000000000002,0.028199999999999999,0.028899999999999999,0.0287,0.029399999999999999
subject2_scenario3_frame323_red.jpg,0.26676926,0.316772789,0,0.116924524,0.359054744,0.570795238,0.0349,0.028799999999999999,0.028400000000000002,0.0287,0.028799999999999999,0.029899999999999999
subject2_scenario3_frame324_red.jpg,0.26373747,0.29425326,0,0.1040169,0.367838025,0.592934191,0.031,0.0286,0.033500000000000002,0.030099999999999998,0.029899999999999999,0.030099999999999998
subject2_scenario3_frame325_red.jpg,0.247398198,0.173769176,0,0.0519444942,0.297063828,0.60611558,0.0349,0.031699999999999999,0.030599999999999999,0.0293,0.0298,0.031399999999999997
subject2_scenario3_frame326_red.jpg,0.172502279,0.140493453,0,0.0540759563,0.206246406,0.593555212,0.030300000000000001,0.030099999999999998,0.0281,0.0315,0.030800000000000001,0.029600000000000001
subject2_scenario3_frame327_red.jpg,0.241944671,0.153725028,0,0.0446491838,0.284997761,0.680299282,0.030200000000000001,0.030700000000000002,0.028000000000000001,0.029999999999999999,0.029100000000000001,0.029100000000000001
subject2_scenario3_frame328_red.jpg,0.281494588,0.284888774,0,0.0904560983,0.358065009,0.572774053,0.030499999999999999,0.030300000000000001,0.0276,0.055199999999999999,0.028500000000000001,0.0293
subject2_scenario3_frame329_red.jpg,0.328669429,0.363010943,0,0.163162678,0.297037095,0.452763766,0.0332,0.029000000000000001,0.0339,0.0309,0.0292,0.033099999999999997
subject2_scenario4_frame211_red.jpg,0.276869118,0.414811254,0,0.214962989,0.291949332,0.579520464,0.030599999999999999,0.0293,0.027699999999999999,0.028899999999999999,0.031899999999999998,0.032099999999999997
subject2_scenario4_frame212_red.jpg,0.151638716,0.459958345,0,0.340193391,0.216111794,0.411646008,0.031399999999999997,0.029399999999999999,0.030700000000000002,0.028899999999999999,0.031099999999999999,0.029999999999999999
subject2_scenario4_frame213_red.jpg,0.191324681,0.489327639,0,0.300507426,0.23459214,0.382098705,0.032300000000000002,0.031800000000000002,0.029700000000000001,0.028500000000000001,0.029700000000000001,0.0327
subject2_scenario4_frame214_red.jpg,0,0.227653623,0,0.294889688,0.146685258,0.319781959,0.029399999999999999,0.029499999999999998,0.0304,0.031099999999999999,0.029100000000000001,0.0286
subject2_scenario4_frame215_red.jpg,0,0.197147071,0,0.302759588,0.140808314,0.272797108,0.0292,0.0287,0.027699999999999999,0.029600000000000001,0.028899999999999999,0.031099999999999999
subject2_scenario4_frame216_red.jpg,0.109266818,0.353038192,0,0.380051464,0.112589613,0.288793266,0.030499999999999999,0.0287,0.028000000000000001,0.0286,0.031300000000000001,0.028799999999999999
subject2_scenario4_frame217_red.jpg,0.0671216249,0.346048951,0,0.454102784,0.110626161,0.296276748,0.094899999999999998,0.055899999999999998,0.1449,0.049599999999999998,0.0562,0.14510000000000001
subject2_scenario4_frame218_red.jpg,0,0.234700024,0,0.361614257,0.114465669,0.253745466,0.040099999999999997,0.0293,0.050500000000000003,0.029499999999999998,0.030200000000000001,0.030300000000000001
subject2_scenario4_frame219_red.jpg,0,0.247853428,0,0.367865741,0.115192473,0.249211505,0.029700000000000001,0.028799999999999999,0.032800000000000003,0.030800000000000001,0.029700000000000001,0.029700000000000001
subject2_scenario4_frame220_red.jpg,0.00561901927,0.236097604,0,0.293906212,0.128793657,0.246489435,0.030800000000000001,0.028400000000000002,0.027799999999999998,0.0286,0.029100000000000001,0.030300000000000001
subject2_scenario4_frame221_red.jpg,0,0.23910898,0,0.386663407,0.157295629,0.249696538,0.031600000000000003,0.029000000000000001,0.027799999999999998,0.028199999999999999,0.030700000000000002,0.028400000000000002
subject2_scenario4_frame222_red.jpg,0,0.196906656,0,0.335908413,0.142406389,0.231296167,0.031600000000000003,0.0304,0.030800000000000001,0.029100000000000001,0.028799999999999999,0.029000000000000001
subject2_scenario4_frame223_red.jpg,0.00167408586,0.242475003,0,0.308173478,0.133698747,0.23967953,0.029399999999999999,0.030800000000000001,0.030300000000000001,0.0286,0.030599999999999999,0.031300000000000001
subject2_scenario4_frame224_red.jpg,0.0544800162,0.326285839,0,0.353299111,0.123393103,0.227476969,0.029100000000000001,0.0292,0.027400000000000001,0.031,0.028000000000000001,0.031
subject2_scenario4_frame225_red.jpg,0.140848488,0.369527072,0,0.35098362,0.130372971,0.223797128,0.029100000000000001,0.028000000000000001,0.027099999999999999,0.029000000000000001,0.030800000000000001,0.0281
subject2_scenario4_frame226_red.jpg,0.202620208,0.392183542,0,0.289211899,0.173837349,0.255319476,0.0298,0.030700000000000002,0.027,0.0286,0.028000000000000001,0.028799999999999999
subject2_scenario4_frame227_red.jpg,0.215552032,0.35217005,0,0.276280075,0.161507979,0.24549073,0.049399999999999999,2.4436,0.0465,0.039199999999999999,0.077700000000000005,0.028299999999999999
subject2_scenario4_frame228_red.jpg,0.156777829,0.292016,0,0.319029272,0.127122641,0.212599367,0.032099999999999997,0.030599999999999999,0.0304,0.028299999999999999,0.0292,0.0309
subject2_scenario4_frame229_red.jpg,0.114120424,0.258836925,0,0.285850197,0.124593094,0.202481851,0.030700000000000002,0.037600000000000001,0.027699999999999999,0.067299999999999999,0.034799999999999998,0.028400000000000002
subject2_scenario4_frame230_red.jpg,0.120157182,0.270853221,0,0.297866493,0.124925837,0.228352353,0.031099999999999999,0.027799999999999998,0.028199999999999999,0.028199999999999999,0.0286,0.028299999999999999
subject2_scenario4_frame231_red.jpg,0.12457329,0.286595702,0,0.313608974,0.124762893,0.240063101,0.032199999999999999,0.028000000000000001,0.0275,0.0276,0.028199999999999999,0.028500000000000001
subject2_scenario4_frame232_red.jpg,0.0988422632,0.266567051,0,0.293580323,0.128807142,0.243300527,0.0327,0.099599999999999994,0.030200000000000001,0.068199999999999997,0.028899999999999999,0.0292
subject2_scenario4_frame233_red.jpg,0.0899794102,0.181037277,0,0.195675373,0.122663543,0.239737228,0.0332,0.028400000000000002,0.029000000000000001,0.0287,0.031,0.031399999999999997
subject2_scenario4_frame234_red.jpg,0.0804864764,0.190530211,0,0.215958536,0.125713736,0.23618497,0.0339,0.053900000000000003,0.053600000000000002,0.030200000000000001,0.080000000000000002,0.048899999999999999
subject2_scenario4_frame235_red.jpg,0.0802713931,0.283181399,0,0.310194671,0.134266555,0.242410287,0.031800000000000002,0.0293,0.0521,0.0309,0.0286,0.031600000000000003
subject2_scenario4_frame236_red.jpg,0.139772177,0.353740931,0,0.352059931,0.138068885,0.250446439,0.030200000000000001,0.028400000000000002,0.030099999999999998,0.0281,0.030300000000000001,0.0293
subject2_scenario4_frame237_red.jpg,0.123799473,0.330398709,0,0.357411981,0.138378382,0.253247738,0.0292,0.029999999999999999,0.027199999999999998,0.028299999999999999,0.0293,0.030599999999999999
subject2_scenario4_frame238_red.jpg,0.221952975,0.372983098,0,0.269879133,0.18326807,0.290604442,0.029100000000000001,0.029399999999999999,0.026800000000000001,0.029999999999999999,0.030499999999999999,0.029000000000000001
subject2_scenario4_frame239_red.jpg,0.245748788,0.39878878,0,0.246083319,0.211278975,0.415694237,0.029600000000000001,0.030700000000000002,0.027099999999999999,0.029999999999999999,0.028000000000000001,0.028299999999999999
subject2_scenario4_frame240_red.jpg,0.307271957,0.384408414,0,0.18456015,0.27136448,0.515073955,0.045400000000000003,0.1108,0.041500000000000002,0.062100000000000002,0.1085,0.068599999999999994
subject2_scenario4_frame241_red.jpg,0.303820848,0.387859523,0,0.188011259,0.272947133,0.530127466,0.032099999999999997,0.029000000000000001,0.028799999999999999,0.0286,0.0298,0.0339
subject2_scenario4_frame242_red.jpg,0.244596034,0.438636869,0,0.247236073,0.252258658,0.531381428,0.030200000000000001,0.033700000000000001,0.027699999999999999,0.033700000000000001,0.031699999999999999,0.031600000000000003
subject3_scenario4_frame359_red.jpg,0.00930720568,0.340251088,0,0.21343419,0.476045907,0.165538907,0.032199999999999999,0.1366,0.0281,0.0688,0.085800000000000001,0.029600000000000001
subject3_scenario4_frame360_red.jpg,0.14245832,0,0,0,0.126952425,0.391554117,0.095899999999999999,0.0332,0.095799999999999996,0.086099999999999996,0.058200000000000002,0.094899999999999998
subject3_scenario4_frame361_red.jpg,0.183669865,0,0,0,0.0578523874,0.393361002,0.099000000000000005,0.044699999999999997,0.053600000000000002,0.036799999999999999,0.1024,0.066199999999999995
subject3_scenario4_frame362_red.jpg,0.207274348,0,0,0,0.114461452,0.354893297,0.053400000000000003,0.0281,0.0287,0.028299999999999999,0.030200000000000001,0.032199999999999999
subject3_scenario4_frame363_red.jpg,0.37512067,0.106604725,0,0,0.407710165,0.35989061,0.031199999999999999,0.029999999999999999,0.028000000000000001,0.030099999999999998,0.033300000000000003,0.0465
subject3_scenario4_frame364_red.jpg,0.385337949,0.14641124,0,0,0.438103348,0.329250455,0.029899999999999999,0.0315,0.027799999999999998,0.028299999999999999,0.032399999999999998,0.0315
subject3_scenario4_frame365_red.jpg,0.37896347,0.344861031,0,0.145012766,0.367743433,0.124409094,0.031099999999999999,0.029999999999999999,0.088300000000000003,0.057700000000000001,0.029999999999999999,0.030200000000000001
subject3_scenario4_frame366_red.jpg,0.347853065,0.379426509,0,0.179578245,0.350481927,0.0963954628,0.078700000000000006,0.064799999999999996,0.066299999999999998,0.031800000000000002,0.030099999999999998,0.049000000000000002
subject3_scenario4_frame367_red.jpg,0.441231847,0.308713198,0,0.109323949,0.369735003,0.131085098,0.057099999999999998,0.034799999999999998,0.031699999999999999,0.045199999999999997,0.065600000000000006,0.029999999999999999
subject3_scenario4_frame368_red.jpg,0.367144167,0.312269211,0,0.189068347,0.32402873,0.0508816838,0.13120000000000001,0.1163,0.067799999999999999,0.1105,0.19259999999999999,0.10730000000000001
subject3_scenario4_frame369_red.jpg,0.290172458,0.276971191,0,0.251835167,0.27600044,0.00443795323,0.041700000000000001,0.049000000000000002,0.0344,0.032000000000000001,0.032300000000000002,0.032899999999999999
subject3_scenario4_frame370_red.jpg,0.27006191,0.274579257,0,0.273239195,0.274734795,0,0.032199999999999999,0.028799999999999999,0.032599999999999997,0.031,0.033000000000000002,0.0286
subject3_scenario4_frame371_red.jpg,0.352147639,0.340461016,0,0.194716781,0.346936524,0.0452332497,0.0436,0.029999999999999999,0.044699999999999997,0.029100000000000001,0.032800000000000003,0.042700000000000002
subject3_scenario4_frame372_red.jpg,0.355417937,0.329580784,0,0.194383591,0.341856599,0.0455664396,0.032899999999999999,0.031099999999999999,0.028500000000000001,0.029700000000000001,0.031600000000000003,0.0298
subject3_scenario4_frame373_red.jpg,0.383487642,0.345210463,0,0.163046598,0.356581867,0.0797111392,0.030499999999999999,0.031300000000000001,0.029999999999999999,0.031,0.029899999999999999,0.029999999999999999
subject3_scenario4_frame374_red.jpg,0.415360808,0.32925579,0,0.129407525,0.378288329,0.118066043,0.031,0.029100000000000001,0.0304,0.030800000000000001,0.029499999999999998,0.032800000000000003
subject3_scenario4_frame375_red.jpg,0.405041158,0.33912006,0,0.139271796,0.39363873,0.109831125,0.031,0.029000000000000001,0.027699999999999999,0.028899999999999999,0.032199999999999999,0.032300000000000002
subject3_scenario4_frame376_red.jpg,0.391209245,0.367239743,0,0.167391479,0.396402091,0.091361016,0.031699999999999999,0.032099999999999997,0.028199999999999999,0.030099999999999998,0.031899999999999998,0.029499999999999998
subject3_scenario4_frame377_red.jpg,0.331789851,0.359275818,0,0.244898617,0.363705575,0.0414844751,0.032300000000000002,0.031600000000000003,0.028400000000000002,0.032500000000000001,0.029100000000000001,0.029600000000000001
subject3_scenario4_frame378_red.jpg,0.337855995,0.365756333,0,0.269008279,0.378950894,0.0422411859,0.0327,0.031300000000000001,0.0286,0.029899999999999999,0.031300000000000001,0.029700000000000001
subject3_scenario4_frame379_red.jpg,0.302469909,0.361932844,0,0.299933821,0.362244844,0.020610407,0.030700000000000002,0.031199999999999999,0.029700000000000001,0.031800000000000002,0.030099999999999998,0.029999999999999999
subject3_scenario4_frame380_red.jpg,0.297113091,0.354308665,0,0.305362165,0.356621146,0.00822854042,0.030300000000000001,0.029499999999999998,0.027799999999999998,0.031399999999999997,0.0298,0.031300000000000001
subject3_scenario4_frame381_red.jpg,0.282735646,0.341399938,0,0.32152167,0.344453454,0.0043861419,0.031300000000000001,0.029399999999999999,0.027900000000000001,0.030200000000000001,0.031300000000000001,0.029000000000000001
subject3_scenario4_frame382_red.jpg,0.283449113,0.343224585,0,0.324881315,0.342376024,0.00408506393,2.8391999999999999,0.032300000000000002,0.038699999999999998,0.032800000000000003,0.031199999999999999,0.031699999999999999
subject3_scenario4_frame383_red.jpg,0.292819619,0.358805835,0,0.315660536,0.351049453,0.0031914711,0.1149,0.0339,0.1203,0.031399999999999997,0.036900000000000002,0.050000000000000003
subject3_scenario4_frame384_red.jpg,0.287492901,0.356340885,0,0.310728967,0.343053401,0.00186020136,0.040300000000000002,0.030200000000000001,0.029700000000000001,0.029999999999999999,0.030099999999999998,0.030200000000000001
subject3_scenario4_frame385_red.jpg,0.304282367,0.333910614,0,0.315568626,0.349323571,0,0.033399999999999999,0.030300000000000001,0.031600000000000003,0.030099999999999998,0.0557,0.059900000000000002
subject3_scenario4_frame386_red.jpg,0.322779536,0.335374504,0,0.312947273,0.364543229,0,0.035400000000000001,0.030800000000000001,0.029499999999999998,0.0298,0.0293,0.044999999999999998
subject3_scenario4_frame387_red.jpg,0.319409996,0.334473729,0,0.312108815,0.361449867,0,0.0315,0.0327,0.0482,0.1065,0.077499999999999999,0.028899999999999999
subject3_scenario4_frame388_red.jpg,0.307597786,0.317581773,0,0.327891767,0.346912086,0,0.076899999999999996,0.031600000000000003,0.051499999999999997,0.030200000000000001,0.030700000000000002,0.0424
subject3_scenario4_frame389_red.jpg,0.292215109,0.288248539,0,0.333704531,0.330046475,0.00350436568,0.0309,0.028500000000000001,0.028199999999999999,0.0327,0.0286,0.029000000000000001
subject3_scenario4_frame390_red.jpg,0.311670214,0.294620275,0,0.291759074,0.318283767,0.00208520889,0.032300000000000002,0.047600000000000003,0.028000000000000001,0.0286,0.029000000000000001,0.028899999999999999
subject3_scenario4_frame391_red.jpg,0.297326386,0.312397808,0,0.265438735,0.30875963,0.000912755728,0.054699999999999999,0.029000000000000001,0.031,0.028400000000000002,0.040000000000000001,0.029100000000000001
subject3_scenario4_frame392_red.jpg,0.313750267,0.34105885,0,0.241807729,0.328231096,0.0207344592,0.031899999999999998,0.033300000000000003,0.027900000000000001,0.0293,0.029000000000000001,0.0281
subject3_scenario4_frame393_red.jpg,0.325297594,0.358428538,0,0.221736759,0.339091718,0.0422205329,0.029899999999999999,0.029100000000000001,0.0292,0.0327,0.0287,0.029399999999999999
subject3_scenario4_frame394_red.jpg,0.359250993,0.368783355,0,0.190382034,0.363207817,0.0675572008,0.030099999999999998,0.028000000000000001,0.027,0.0287,0.0292,0.0309
subject3_scenario4_frame395_red.jpg,0.397745132,0.35401094,0,0.154162675,0.375742495,0.097696647,0.032300000000000002,0.0304,0.027199999999999998,0.0286,0.029700000000000001,0.030300000000000001
subject4_scenario1_frame351_red.jpg,0,0,0,0,0.000521555543,0.516079068,0.029700000000000001,0.029499999999999998,0.027900000000000001,0.030599999999999999,0.031300000000000001,0.0293
subject4_scenario1_frame352_red.jpg,0.0156233609,0,0,0,0.00582040846,0.505831003,0.108,0.15920000000000001,0.029999999999999999,0.15129999999999999,0.0286,0.047500000000000001
subject4_scenario1_frame353_red.jpg,0.0350009799,0,0,0,0.020412907,0.544708371,0.1017,0.027099999999999999,0.1202,0.046899999999999997,0.0287,0.028899999999999999
subject4_scenario1_frame354_red.jpg,0.0395950079,0,0,0,0.0174949467,0.499659121,0.029499999999999998,0.027,0.027900000000000001,0.026599999999999999,0.028000000000000001,0.0309
subject4_scenario1_frame355_red.jpg,0.0733045638,0,0,0,0.0397283137,0.568253875,0.031300000000000001,0.043299999999999998,0.027099999999999999,0.0458,0.073800000000000004,0.054100000000000002
subject4_scenario1_frame356_red.jpg,0.446707487,0.138387859,0,0.0123826563,0.307986021,0.570463419,0.050000000000000003,0.029899999999999999,0.030499999999999999,0.028799999999999999,0.028199999999999999,0.0293
subject4_scenario1_frame357_red.jpg,0.448185384,0.141835451,0,0.0284046829,0.279544324,0.559180021,0.029399999999999999,0.051200000000000002,0.030099999999999998,0.031699999999999999,0.056300000000000003,0.055300000000000002
subject4_scenario1_frame358_red.jpg,0.329208255,0.0706833005,0,0,0.286255211,0.68162024,0.0327,0.065799999999999997,0.028400000000000002,0.055300000000000002,0.054300000000000001,0.0315
subject4_scenario1_frame359_red.jpg,0.285522968,0.0522846878,0,0,0.26570338,0.695983768,0.075499999999999998,0.028799999999999999,0.070400000000000004,0.030499999999999999,0.028299999999999999,0.030499999999999999
subject4_scenario1_frame360_red.jpg,0.321085632,0.0747267306,0,0,0.291308194,0.697255373,0.030800000000000001,0.0281,0.046800000000000001,0.027,0.028899999999999999,0.030499999999999999
subject4_scenario1_frame361_red.jpg,0.376950085,0.0886481404,0,0,0.317934483,0.683435023,0.032300000000000002,0.0286,0.027400000000000001,0.0533,0.030200000000000001,0.028199999999999999
subject4_scenario1_frame362_red.jpg,0.338576019,0.0609784722,0,0,0.283022165,0.706615448,0.0304,0.030800000000000001,0.028500000000000001,0.027199999999999998,0.030300000000000001,0.029100000000000001
subject4_scenario1_frame363_red.jpg,0.170160264,0,0,0,0.12972872,0.625530005,0.0292,0.029000000000000001,0.027,0.052400000000000002,0.028799999999999999,0.027900000000000001
subject4_scenario1_frame364_red.jpg,0.191442847,0,0,0,0.153814808,0.639488459,0.033300000000000003,0.029600000000000001,0.074899999999999994,0.029899999999999999,0.058400000000000001,0.033300000000000003
subject4_scenario1_frame365_red.jpg,0.224663645,0,0,0,0.190644443,0.632968366,0.030499999999999999,0.0292,0.0276,0.027099999999999999,0.028199999999999999,0.028299999999999999
subject4_scenario1_frame366_red.jpg,0.245744318,0.00439608097,0,0,0.210834622,0.641959786,0.0309,0.028500000000000001,0.0276,0.028899999999999999,0.028000000000000001,0.028500000000000001
subject4_scenario1_frame367_red.jpg,0.241230458,0,0,0,0.204400972,0.640610814,0.029700000000000001,0.027300000000000001,0.028899999999999999,0.0276,0.028199999999999999,0.028799999999999999
subject4_scenario1_frame368_red.jpg,0.253771126,0,0,0,0.205530182,0.647555113,0.030300000000000001,0.0269,0.0275,0.027199999999999998,0.0281,0.030099999999999998
subject4_scenario1_frame369_red.jpg,0.377500832,0.125481367,0,0,0.311645985,0.629424393,0.032800000000000003,0.028500000000000001,0.027099999999999999,0.029399999999999999,0.028500000000000001,0.031199999999999999
subject4_scenario1_frame370_red.jpg,0.360457927,0.127331048,0,0,0.306071371,0.62885046,0.0293,0.028400000000000002,0.027099999999999999,0.027799999999999998,0.029700000000000001,0.028500000000000001
subject4_scenario1_frame371_red.jpg,0.331185788,0.10880205,0,0,0.281806231,0.605000734,0.029499999999999998,0.073800000000000004,0.027300000000000001,0.046699999999999998,0.028899999999999999,0.055100000000000003
subject4_scenario1_frame372_red.jpg,0.339352518,0.152688056,0,0,0.313775569,0.60974586,0.055300000000000002,0.1618,0.052499999999999998,0.21360000000000001,0.1454,0.048300000000000003
subject4_scenario1_frame373_red.jpg,0.2517851,0,0,0,0.169478238,0.575838208,0.049799999999999997,0.027400000000000001,0.029899999999999999,0.026800000000000001,0.0287,0.0309
subject4_scenario1_frame374_red.jpg,0.152008623,0,0,0,0.110913917,0.577919781,0.029999999999999999,0.0292,0.028299999999999999,0.027400000000000001,0.0304,0.031
subject4_scenario1_frame375_red.jpg,0.142836064,0,0,0,0.112540007,0.594273448,0.0315,0.029399999999999999,0.0269,0.027400000000000001,0.027900000000000001,0.0287
subject4_scenario1_frame376_red.jpg,0.142623872,0,0,0,0.122505605,0.60849297,0.030099999999999998,0.0269,0.029700000000000001,0.0298,0.028299999999999999,0.028400000000000002
subject4_scenario1_frame377_red.jpg,0.238779664,0,0,0,0.174220905,0.622510493,0.029499999999999998,0.0275,0.027799999999999998,0.027,0.028000000000000001,0.031199999999999999
subject4_scenario1_frame378_red.jpg,0.169487983,0,0,0,0.0779033005,0.573612988,0.0298,0.027300000000000001,0.027099999999999999,0.027099999999999999,0.030300000000000001,0.029399999999999999
subject4_scenario1_frame379_red.jpg,0.0886782408,0,0,0,0.0410887152,0.659470081,1.8376999999999999,0.029700000000000001,0.0339,0.027300000000000001,0.0287,0.029600000000000001
subject4_scenario3_frame311_red.jpg,0,0,0,0,0.00670853257,0.404720455,0.028500000000000001,0.027900000000000001,0.030200000000000001,0.029499999999999998,0.028000000000000001,0.0292
subject4_scenario3_frame312_red.jpg,0.0728564858,0,0,0,0.167958826,0.556248665,0.029399999999999999,0.026499999999999999,0.0269,0.027699999999999999,0.029399999999999999,0.031099999999999999
subject4_scenario3_frame313_red.jpg,0,0,0,0,0,0.488422185,0.0287,0.027300000000000001,0.0269,0.0264,0.0298,0.028799999999999999
subject4_scenario3_frame314_red.jpg,0.0328689218,0,0,0,0.0900212228,0.647334516,0.031800000000000002,0.027799999999999998,0.0292,0.028899999999999999,0.030700000000000002,0.035000000000000003
subject4_scenario3_frame315_red.jpg,0.0942287147,0.00167050958,0,0,0.181732655,0.694381833,0.029499999999999998,0.0309,0.026800000000000001,0.028199999999999999,0.028000000000000001,0.028199999999999999
subject4_scenario3_frame316_red.jpg,0.0820761323,0,0,0,0,0.611625552,0.029999999999999999,0.026800000000000001,0.027400000000000001,0.029899999999999999,0.0264,0.028199999999999999
subject4_scenario3_frame317_red.jpg,0.0912510753,0,0,0,0,0.61601913,0.031199999999999999,0.026599999999999999,0.027099999999999999,0.026700000000000002,0.026700000000000002,0.028799999999999999
subject4_scenario3_frame318_red.jpg,0.023889184,0,0,0,0.00610598922,0.561761677,0.030700000000000002,0.042200000000000001,0.0292,0.051299999999999998,0.029700000000000001,0.029100000000000001
subject4_scenario3_frame319_red.jpg,0,0,0,0,0.0356980562,0.531155884,0.17660000000000001,0.0722,0.096299999999999997,0.064000000000000001,0.057299999999999997,0.055199999999999999
subject4_scenario4_frame235_red.jpg,0.334942669,0.235777736,0,0.150791496,0.183204293,0.567784309,0.079500000000000001,0.031800000000000002,0.072400000000000006,0.0286,0.036200000000000003,0.068699999999999997
subject4_scenario4_frame236_red.jpg,0.220490873,0.111615449,0,0.225046217,0.0918199271,0.52731216,0.031199999999999999,0.031899999999999998,0.029899999999999999,0.029399999999999999,0.035099999999999999,0.1106
subject4_scenario4_frame237_red.jpg,0.2685121,0.173825264,0,0.212743968,0.107431516,0.551403701,0.040599999999999997,0.028299999999999999,0.032800000000000003,0.030200000000000001,0.0286,0.030200000000000001
subject4_scenario4_frame238_red.jpg,0.265665233,0.180005819,0,0.206563413,0.107892334,0.566212237,0.029499999999999998,0.028299999999999999,0.028400000000000002,0.0281,0.029399999999999999,0.033500000000000002
subject4_scenario4_frame240_red.jpg,0.148984879,0,0,0.0784418881,0.0840772092,0.559800565,0.0304,0.028000000000000001,0.0275,0.028400000000000002,0.032800000000000003,0.029999999999999999
subject4_scenario4_frame241_red.jpg,0.175499201,0.0952156782,0,0.208646446,0.083765775,0.541405082,0.031699999999999999,0.030200000000000001,0.0298,0.028500000000000001,0.0292,0.029100000000000001
subject4_scenario4_frame242_red.jpg,0.221875936,0.143974513,0,0.242594719,0.0831620544,0.538104296,0.030099999999999998,0.0281,0.030099999999999998,0.028299999999999999,0.0281,0.0287
subject4_scenario4_frame243_red.jpg,0.264782041,0.183060408,0,0.203508824,0.107525617,0.542533576,0.031600000000000003,0.063299999999999995,0.0275,0.038399999999999997,0.028199999999999999,0.031399999999999997
subject4_scenario4_frame244_red.jpg,0.226705849,0.127918959,0,0.241349727,0.068411544,0.511821032,0.029600000000000001,0.031699999999999999,0.0292,0.029100000000000001,0.034500000000000003,0.030700000000000002
subject4_scenario4_frame245_red.jpg,0.233214974,0.138548851,0,0.248020381,0.0712587088,0.543623447,0.031,0.087599999999999997,0.062600000000000003,0.1211,0.032399999999999998,0.0562
subject4_scenario4_frame247_red.jpg,0.142184585,0.0229335725,0,0.136364341,0.0687700659,0.542602599,0.0356,0.029100000000000001,0.0293,0.0281,0.031300000000000001,0.0309
subject4_scenario4_frame248_red.jpg,0.20246464,0.11261636,0,0.226047128,0.0832607001,0.507233858,0.032500000000000001,0.031600000000000003,0.027900000000000001,0.0286,0.035000000000000003,0.063500000000000001
subject4_scenario4_frame250_red.jpg,0.236601919,0.0344147682,0,0,0.113230363,0.398045838,0.054800000000000001,0.029100000000000001,0.048899999999999999,0.029000000000000001,0.036200000000000003,0.028500000000000001
subject4_scenario4_frame258_red.jpg,0.446555048,0.245125324,0,0.107350737,0.233990505,0.520170808,0.031699999999999999,0.028199999999999999,0.0276,0.028000000000000001,0.0281,0.030800000000000001
subject4_scenario4_frame259_red.jpg,0.437277734,0.213612199,0,0.0995599627,0.231873274,0.570872426,0.030200000000000001,0.027900000000000001,0.029899999999999999,0.028199999999999999,0.0304,0.029100000000000001
subject4_scenario4_frame260_red.jpg,0.425274998,0.234696597,0,0.11610353,0.223147154,0.576184273,0.029600000000000001,0.0286,0.044299999999999999,0.0293,0.028899999999999999,0.0465
subject5_scenario1_frame300_red.jpg,0.308311015,0.383369356,0,0.183521092,0.24194698,0.488515824,0.032300000000000002,0.029100000000000001,0.0281,0.030499999999999999,0.030499999999999999,0.032099999999999997
subject5_scenario1_frame301_red.jpg,0.313162833,0.378517538,0,0.178669274,0.238817513,0.511160374,0.031,0.0287,0.027300000000000001,0.029000000000000001,0.030200000000000001,0.028799999999999999
subject5_scenario1_frame302_red.jpg,0.320007533,0.371672839,0,0.171824574,0.2432895,0.522150159,0.0327,0.030200000000000001,0.028299999999999999,0.0287,0.028500000000000001,0.028899999999999999
subject5_scenario1_frame303_red.jpg,0.304844558,0.386835814,0,0.186987549,0.250275373,0.536303043,0.031300000000000001,0.0385,0.029399999999999999,0.028899999999999999,0.028400000000000002,0.029399999999999999
subject5_scenario1_frame304_red.jpg,0.30510965,0.386570722,0,0.186722457,0.259070337,0.541914105,0.031,0.028500000000000001,0.029700000000000001,0.028299999999999999,0.030499999999999999,0.028799999999999999
subject5_scenario1_frame305_red.jpg,0.306315005,0.385365367,0,0.185517102,0.252491117,0.534710705,0.0293,0.0304,0.027199999999999998,0.028400000000000002,0.028899999999999999,0.031099999999999999
subject5_scenario1_frame306_red.jpg,0.328175753,0.363504618,0,0.163656354,0.259038538,0.542655468,0.028899999999999999,0.028899999999999999,0.027400000000000001,0.030499999999999999,0.030599999999999999,0.028500000000000001
subject5_scenario1_frame307_red.jpg,0.342115492,0.34956488,0,0.149716616,0.261502087,0.542433262,0.029600000000000001,0.031199999999999999,0.0269,0.0292,0.028000000000000001,0.028899999999999999
subject5_scenario1_frame308_red.jpg,0.344055325,0.347625047,0,0.147776783,0.253978491,0.534166932,0.030099999999999998,0.030599999999999999,0.027,0.030300000000000001,0.028299999999999999,0.028500000000000001
subject5_scenario1_frame309_red.jpg,0.346247733,0.345432639,0,0.145584375,0.249804288,0.52755177,0.029700000000000001,0.028899999999999999,0.0275,0.030800000000000001,0.0281,0.027900000000000001
subject5_scenario1_frame310_red.jpg,0.390743047,0.300937325,0,0.10108906,0.264930069,0.567492723,0.029899999999999999,0.029600000000000001,0.0276,0.028199999999999999,0.034000000000000002,0.058799999999999998
subject5_scenario1_frame311_red.jpg,0.391975969,0.299704403,0,0.0998561382,0.268506944,0.568647265,0.032899999999999999,0.027799999999999998,0.030200000000000001,0.0293,0.028500000000000001,0.031099999999999999
subject5_scenario1_frame312_red.jpg,0.406778634,0.284901738,0,0.0850534737,0.288703978,0.584664047,0.030200000000000001,0.029700000000000001,0.0275,0.030599999999999999,0.031899999999999998,0.029700000000000001
subject5_scenario1_frame313_red.jpg,0.403659225,0.208989859,0,0.017717272,0.324664444,0.653999984,0.031800000000000002,0.030099999999999998,0.027900000000000001,0.044699999999999997,0.027900000000000001,0.0286
subject5_scenario1_frame314_red.jpg,0.400282323,0.237131298,0,0.0372830331,0.315561116,0.611100078,0.030200000000000001,0.028199999999999999,0.0276,0.028000000000000001,0.028500000000000001,0.031199999999999999
subject5_scenario1_frame315_red.jpg,0.408631593,0.271253318,0,0.0714050531,0.30258286,0.560603261,0.032099999999999997,0.0304,0.0276,0.031399999999999997,0.030099999999999998,0.028799999999999999
subject5_scenario1_frame316_red.jpg,0.383209616,0.314926177,0,0.108622491,0.294258028,0.525937617,0.032199999999999999,0.029700000000000001,0.029999999999999999,0.0281,0.030200000000000001,0.028899999999999999
subject5_scenario1_frame317_red.jpg,0.396130115,0.307528496,0,0.0957019925,0.303672671,0.531145811,0.031300000000000001,0.031300000000000001,0.028899999999999999,0.0292,0.029000000000000001,0.031099999999999999
subject5_scenario1_frame318_red.jpg,0.383082658,0.320519865,0,0.108749449,0.294220924,0.512760401,0.029600000000000001,0.028799999999999999,0.029700000000000001,0.0309,0.030599999999999999,0.030099999999999998
subject5_scenario3_frame296_red.jpg,0.380975038,0.336892754,0,0.110857069,0.260726452,0.496198535,0.030499999999999999,0.0516,0.0275,0.029399999999999999,0.1202,0.031199999999999999
subject5_scenario3_frame297_red.jpg,0.414853722,0.286991179,0,0.0769783854,0.300352812,0.547863603,0.034200000000000001,0.029100000000000001,0.032199999999999999,0.028199999999999999,0.029000000000000001,0.032399999999999998
subject5_scenario3_frame298_red.jpg,0.4444215,0.243601426,0,0.0549320281,0.31621176,0.587497592,0.030099999999999998,0.0293,0.0281,0.028899999999999999,0.0304,0.030200000000000001
subject5_scenario3_frame299_red.jpg,0.426317483,0.240573913,0,0.0448384285,0.32785964,0.595854759,0.030200000000000001,0.030599999999999999,0.027300000000000001,0.030499999999999999,0.0281,0.0286
subject5_scenario3_frame300_red.jpg,0.421692163,0.241611928,0,0.0430447757,0.327631116,0.591228485,3.6030000000000002,0.036299999999999999,0.10970000000000001,0.073200000000000001,0.0567,0.055
subject5_scenario3_frame301_red.jpg,0.41418153,0.266028523,0,0.066180259,0.318942785,0.567405581,0.15229999999999999,0.063100000000000003,0.12429999999999999,0.1273,0.095899999999999999,0.15040000000000001
subject5_scenario3_frame302_red.jpg,0.413358092,0.262740552,0,0.0627428591,0.31948787,0.571000278,0.058700000000000002,0.0683,0.055800000000000002,0.078700000000000006,0.0356,0.035799999999999998
subject5_scenario3_frame303_red.jpg,0.422422022,0.266595811,0,0.0667475462,0.314152062,0.567462027,0.056000000000000001,0.051999999999999998,0.037999999999999999,0.045199999999999997,0.036900000000000002,0.043499999999999997
subject5_scenario3_frame304_red.jpg,0.416793853,0.26420179,0,0.0643535256,0.31837377,0.56913203,0.056599999999999998,0.045100000000000001,0.042799999999999998,0.042599999999999999,0.045600000000000002,0.053100000000000001
subject5_scenario3_frame305_red.jpg,0.411241978,0.255017906,0,0.055169642,0.326044887,0.576272964,0.046399999999999997,0.034000000000000002,0.035099999999999999,0.039,0.032500000000000001,0.037699999999999997
subject5_scenario3_frame306_red.jpg,0.414363623,0.261994183,0,0.0621459186,0.320014834,0.567272484,0.044600000000000001,0.034599999999999999,0.0378,0.032899999999999999,0.033599999999999998,0.042700000000000002
subject5_scenario3_frame307_red.jpg,0.412872016,0.251407504,0,0.0494540036,0.324643791,0.577231526,0.033099999999999997,0.032199999999999999,0.034200000000000001,0.033700000000000001,0.033500000000000002,0.034500000000000003
subject5_scenario3_frame308_red.jpg,0.413680702,0.26175195,0,0.0560631156,0.323629707,0.568429589,0.033300000000000003,0.034500000000000003,0.030300000000000001,0.033599999999999998,0.0327,0.033700000000000001
subject5_scenario3_frame309_red.jpg,0.407568395,0.292100042,0,0.0842637122,0.311439276,0.539530277,0.033700000000000001,0.032800000000000003,0.030800000000000001,0.033399999999999999,0.0332,0.0339
subject5_scenario3_frame310_red.jpg,0.373994291,0.331161797,0,0.117837816,0.294404358,0.507667303,0.0402,0.032199999999999999,0.052699999999999997,0.030800000000000001,0.032399999999999998,0.035499999999999997
subject5_scenario3_frame311_red.jpg,0.381551266,0.333952844,0,0.110280842,0.29614228,0.500264347,0.0339,0.032899999999999999,0.0315,0.031099999999999999,0.035799999999999998,0.034299999999999997
subject5_scenario3_frame312_red.jpg,0.399669886,0.321364194,0,0.0921622217,0.301000416,0.511680841,0.035299999999999998,0.054199999999999998,0.031099999999999999,0.0309,0.032000000000000001,0.032199999999999999
subject5_scenario3_frame313_red.jpg,0.40476951,0.32092911,0,0.0870625973,0.29082787,0.512449503,0.031199999999999999,0.033500000000000002,0.031,0.039800000000000002,0.0419,0.0309
subject5_scenario3_frame314_red.jpg,0.414967567,0.313901246,0,0.0779301822,0.290263534,0.517988682,0.034099999999999998,0.030300000000000001,0.0286,0.029399999999999999,0.032199999999999999,0.030599999999999999
subject5_scenario3_frame315_red.jpg,0.41788283,0.311293244,0,0.0779483616,0.288130164,0.52048099,0.0315,0.032399999999999998,0.031099999999999999,0.0298,0.0344,0.030499999999999999
subject5_scenario3_frame316_red.jpg,0.417930663,0.310659587,0,0.0785958171,0.287406087,0.520375848,0.031,0.0309,0.0287,0.0315,0.029399999999999999,0.032500000000000001
subject5_scenario3_frame317_red.jpg,0.428833246,0.301276863,0,0.0698728263,0.293384373,0.530750215,0.033799999999999997,0.0327,0.029000000000000001,0.029700000000000001,0.030599999999999999,0.032399999999999998
subject5_scenario4_frame352_red.jpg,0.179272085,0.466065437,0,0.316869497,0.241415903,0.349735171,0.032399999999999998,0.030700000000000002,0.028899999999999999,0.031600000000000003,0.031300000000000001,0.029899999999999999
subject5_scenario4_frame353_red.jpg,0.156435102,0.46475473,0,0.335397005,0.206275389,0.311722457,0.033399999999999999,0.031899999999999998,0.029600000000000001,0.032599999999999997,0.0293,0.030200000000000001
subject5_scenario4_frame354_red.jpg,0.154390365,0.462709993,0,0.337441742,0.210789546,0.316766053,0.031300000000000001,0.029600000000000001,0.031199999999999999,0.0315,0.030200000000000001,0.033300000000000003
subject5_scenario4_frame355_red.jpg,0.216758728,0.433982491,0,0.275073379,0.220343053,0.3288396,0.031600000000000003,0.029899999999999999,0.0309,0.031800000000000002,0.032000000000000001,0.031800000000000002
subject5_scenario4_frame356_red.jpg,0.19399482,0.452449501,0,0.297837287,0.21987389,0.329822659,0.031600000000000003,0.031699999999999999,0.0286,0.029600000000000001,0.031099999999999999,0.032199999999999999
subject5_scenario4_frame357_red.jpg,0.259291857,0.432388514,0,0.23254025,0.267330438,0.346843898,0.031800000000000002,0.0315,0.029100000000000001,0.031800000000000002,0.035799999999999998,0.030200000000000001
subject5_scenario4_frame358_red.jpg,0.299609929,0.392070442,0,0.192222178,0.30618909,0.386338681,0.036200000000000003,0.033099999999999997,0.0327,0.030599999999999999,0.029999999999999999,0.030800000000000001
subject5_scenario4_frame359_red.jpg,0.303088754,0.388591617,0,0.188743353,0.311382532,0.400095642,0.0315,0.029499999999999998,0.0298,0.032300000000000002,0.029700000000000001,0.0407
subject5_scenario4_frame360_red.jpg,0.379296273,0.312384099,0,0.112535834,0.300069869,0.399362206,0.035499999999999997,0.057200000000000001,0.041099999999999998,0.038600000000000002,0.0315,0.0332
subject5_scenario4_frame361_red.jpg,0.319882214,0.371798158,0,0.171949893,0.255319893,0.355162948,0.032399999999999998,0.029499999999999998,0.028799999999999999,0.041200000000000001,0.029499999999999998,0.030300000000000001
subject5_scenario4_frame362_red.jpg,0.30537504,0.386305332,0,0.186457068,0.248557135,0.353470474,0.15820000000000001,0.1489,0.072900000000000006,0.076700000000000004,0.13289999999999999,0.1182
subject5_scenario4_frame363_red.jpg,0.340277433,0.351402938,0,0.151554674,0.263633966,0.375065207,0.030700000000000002,0.053600000000000002,0.027699999999999999,0.031,0.035499999999999997,0.067400000000000002
subject5_scenario4_frame364_red.jpg,0.345336378,0.346343994,0,0.14649573,0.270231247,0.379780799,0.032300000000000002,0.031199999999999999,0.029399999999999999,0.0309,0.0304,0.031899999999999998
subject5_scenario4_frame365_red.jpg,0.333752513,0.357927859,0,0.158079594,0.26558423,0.371223092,0.035200000000000002,0.031800000000000002,0.028500000000000001,0.029499999999999998,0.031300000000000001,0.0292
subject5_scenario4_frame366_red.jpg,0.32234776,0.369332612,0,0.169484347,0.271278203,0.370680422,0.033399999999999999,0.031600000000000003,0.032099999999999997,0.029399999999999999,0.029700000000000001,0.030599999999999999
subject5_scenario4_frame367_red.jpg,0.337975502,0.35370487,0,0.153856605,0.270666301,0.367575228,0.0304,0.028500000000000001,0.032599999999999997,0.029000000000000001,0.0298,0.033599999999999998
subject5_scenario4_frame368_red.jpg,0.330067307,0.361613065,0,0.161764801,0.25187853,0.332797557,0.031300000000000001,0.031199999999999999,0.028299999999999999,0.029000000000000001,0.031899999999999998,0.032800000000000003
subject5_scenario4_frame369_red.jpg,0.331931889,0.359748483,0,0.159900218,0.245148271,0.336580962,0.031,0.029499999999999998,0.0504,0.029899999999999999,0.032300000000000002,0.030800000000000001
subject5_scenario4_frame370_red.jpg,0.358395606,0.333284765,0,0.133436501,0.25702101,0.377434373,2.8289,0.030599999999999999,0.052999999999999999,0.1168,0.032099999999999997,0.034700000000000002
subject5_scenario4_frame371_red.jpg,0.395194769,0.296485603,0,0.0966373384,0.27376616,0.409286737,0.21740000000000001,0.064299999999999996,0.32429999999999998,0.058299999999999998,0.15970000000000001,0.2382
subject5_scenario4_frame372_red.jpg,0.391263247,0.300417125,0,0.100568861,0.271385789,0.400688976,0.035799999999999998,0.031099999999999999,0.030499999999999999,0.0293,0.033099999999999997,0.031899999999999998
subject5_scenario4_frame373_red.jpg,0.366662323,0.325018048,0,0.125169784,0.272682935,0.381238937,0.032000000000000001,0.032599999999999997,0.032099999999999997,0.030300000000000001,0.031899999999999998,0.0315
subject5_scenario4_frame374_red.jpg,0.405256778,0.286423594,0,0.0871465504,0.279352307,0.486538619,0.031600000000000003,0.030499999999999999,0.029600000000000001,0.032199999999999999,0.029899999999999999,0.033500000000000002
subject5_scenario4_frame375_red.jpg,0.393451333,0.298229039,0,0.099755317,0.274045885,0.573411942,0.031399999999999997,0.032500000000000001,0.028899999999999999,0.035200000000000002,0.032199999999999999,0.030599999999999999
